<?xml version="1.0" encoding="UTF-8"?>
<beans xmlns="http://www.springframework.org/schema/beans"
	xmlns:xsi="http://www.w3.org/2001/XMLSchema-instance"
	xmlns:context="http://www.springframework.org/schema/context"
	xmlns:aop="http://www.springframework.org/schema/aop"
	xsi:schemaLocation="http://www.springframework.org/schema/beans http://www.springframework.org/schema/beans/spring-beans.xsd
		http://www.springframework.org/schema/context http://www.springframework.org/schema/context/spring-context-3.1.xsd
		http://www.springframework.org/schema/aop http://www.springframework.org/schema/aop/spring-aop-3.1.xsd">

	<context:component-scan base-package="com.inha"></context:component-scan>
	
	
	<bean id="customerService" class="com.inha.biz.customer.impl.CustomerServiceImpl">
	
	</bean>
	
	
	<bean id="customerDAO" class="com.inha.biz.customer.impl.CustomerDAOMybatis">
	
	</bean>
	
	
	<bean id="dataSource" class="org.apache.commons.dbcp.BasicDataSource">
		<property name="driverClassName" value="com.mysql.jdbc.Driver"></property>
		<property name="url" value="jdbc:mysql://localhost/test"></property>
		<property name="username" value="root"></property>
		<property name="password" value="1234"></property>
	</bean>
	
	<bean id="sqlSessionFactory" class="org.mybatis.spring.SqlSessionFactoryBean">
		<property name="dataSource" ref="dataSource"></property>
		<property name="configLocation" value="classpath:sql-map-config.xml"></property>
	</bean>
	
	<bean id="sqlSessionTemplate" class="org.mybatis.spring.SqlSessionTemplate">
		<constructor-arg ref="sqlSessionFactory"></constructor-arg>
	</bean>
	
	
	<bean id="log" class="com.inha.biz.common.LogAdvice">	</bean>
	
   <aop:config>
      <aop:pointcut expression="execution(* com.inha.biz.customer.impl.CustomerDAOMybatis..*(..))" id="pointCut"/>
      <aop:aspect ref="log">
         <aop:after method="logging" pointcut-ref="pointCut"/>
      </aop:aspect>
   </aop:config>
   
   
	
	
</beans>
