<?xml version="1.0" encoding="UTF-8" ?>
<!DOCTYPE mapper PUBLIC "-//mybatis.org//DTD Mapper 3.0//EN"
  "http://mybatis.org/dtd/mybatis-3-mapper.dtd">

<mapper namespace="customerDAO">

	<insert id="insertCustomer" parameterType="customer">
		INSERT INTO customer (id, pw, name)
		VALUES(#{id},#{pw},#{name})
	</insert>

	<update id="updateCustomer" parameterType="customer">
		update customer set pw=#{pw}, name=#{name} where id=#{id}
	</update>
	
	<delete id="deleteCustomer" parameterType="customer">
		delete from customer where id=#{id}
	</delete>
	
	<select id="selectCustomer" resultType="customer">
		select * from customer where id=#{id}
	</select>
	
</mapper>
